0xb1b89abec22566bcfba9336ee31106974337c971.sol,0.5.17,TendiesFarmV3
0x261bb5e1c53248860f4bc405abaae3e0bfc12874.sol,0.4.18,MycodeCoin
0x6b30661825AeCA80fB50739F0b77C5B3178A836f.sol,0.4.23,TemplateCrowdsale
0x27750e6D41Aef99501eBC256538c6A13a254Ea15.sol,0.4.23,KOLUSDTFund
0x0e8c6F144e0327F4FfC38277B2Fd8C5A7C5476e3.sol,0.5.5,GunFactory
0x89c805541f024b8c4b3dd784c3f4a8818996838d.sol,0.5.8,McdResolver
0x317c352b2825d921bf7abb4d5459f2522c8539c9.sol,0.5.16,SmartContactForUser
0xAA12232bF1C59038C07281aC270DB8E8474D6A66.sol,0.4.24,FoxTraderCoin
0x4c6f4d435a939fb85dd946bae4eec9d52587f451.sol,0.5.11,WithCoffeeToken
0x3a3a65aab0dd2a17e3f1947ba16138cd37d08c04.sol,0.5.0,LendingPoolLiquidationManager
0x44585bbddd111dc642abb19947573dfa389a8d5b.sol,0.4.24,FucksToken
0x82619a31ab374f4b3d0ef8a74d8dc84d6a5c751d.sol,0.4.17,Coin98Token
0x38fc8d7e9429b42371372a0f08e6f060a0ed54b7.sol,0.5.0,HagiBis
0x9cb31da7bd0cc9303a42b1ebafe0d361670b4e6c.sol,0.4.23,MainToken
0x0d6be86059bd7aeb31ddcd04e0488353c6752d5e.sol,0.6.0,FOMOPOOL
0x7d8b72a43d103d545a7a510311d7c9f92649a492.sol,0.5.11,Ethskytrix
0x1041e9267f46193a2a0de511c4eac47da5201f43.sol,0.5.7,CompImport
0x93383e74ee566a0110673628e14ccaa5ea840729.sol,0.4.24,AragonFundraisingController
0xa145eCA55AE0E39D7c228ed7A962424a97AC74cB.sol,0.6.0,ExchangePortal
0x80ad36be194afe4e43037bd1618933e226d0c0d9.sol,0.5.17,JEO
0xae5e04966230ee46a630542422135f470fb0e890.sol,0.5.0,PersonalTokenFactory
0xb227ea4f19257b838d34d7d390e209a83e590d71.sol,0.5.0,yCurveZapIn
0x6c51aabd10b939c1d607694571fd6d6cf4dcd1f5.sol,0.5.14,KyberProxy
0x40f03d575dd6ad846de86a12cda20ecafdbe59bd.sol,0.4.23,KOLCoreTeam
0x377cecea5900b9483320dff639ca49a7e2df15d1.sol,0.5.0,Organization
0xa725ea3fca286dfbadb185ce065edb479917ffd0.sol,0.5.0,yCurveZapSwapV4toV3
0x08d88845df68222fc8a1e631ab1817f1660766c5.sol,0.4.20,NIUNIUCOIN
0x009B40Aab0Ec2d4abd696dB7b0cfCe5C24EB9114.sol,0.4.24,CAMToken
0x1a0e82b03130b4fdf8cfba3c41dd7b5e3749ec96.sol,0.4.23,FlyingToken
0x4d5aD5455C3D44C12291b8aA0b880C08d6DCF2Bd.sol,0.5.11,BBT
0xae1ff698ce46a7607dde1261e59762125b838626.sol,0.5.10,TokenSwap
0x6c2b7df22953b1e1b17b8cefb063d8e2e3863a12.sol,0.4.24,ConvictionVoting
0xad6a8e94f5e603b3dbbfac0a24e597a92e23666b.sol,0.4.26,FairDice
0x4845028d1f4392b42c7abf72f668f14f9916c122.sol,0.4.26,Trader
0x219e0e991d82a58402eb522bf6eaf82807182d8f.sol,0.5.12,CheezyExchange
0x9d837b62dfc017fe6223e69dbf6aa10d0883bd22.sol,0.4.26,flashIt
0x5dee66ede6802a4f33558edf936414a28266e86c.sol,0.4.24,TNB
0x24a42fD28C976A61Df5D00D0599C34c4f90748c8.sol,0.5.0,LendingPoolLiquidationManager
0x76e2cfc1f5fa8f6a5b3fc4c8f4788f0116861f9b.sol,0.5.3,ProxyFactory
0x0bb8286ae679348402cdf13329e9d211ee795c55.sol,0.4.24,BFDX_LEO_D
0x13d8c338d8ca621d357fb246e5e1f0d769012fa9.sol,0.4.26,GetPrices
0xade84da51b67cbe9002c85b7422c86d78a52f0d2.sol,0.4.24,OMAToken
0x697537d10d3739e797455bddec3f068d02423c0c.sol,0.4.25,Dubai_Gold_Coin
0xb3718681be40694db7e8e5d1e6ddf6e6b4bfdb60.sol,0.5.7,InstaPool
0x6b31cda4dea5c77559e3ed87361e15e6b28b3cde.sol,0.5.11,DharmaSmartWalletImplementationV7Prototype0Staging
0x29b49001da831c014cf310e71fe877964ad5d02b.sol,0.5.17,SmartWalletChecker
0x3baca968382dd317a326a3bc3629e51e0a2e2c99.sol,0.5.17,DharmaTradeReserveV11Implementation
0x7cdf69e2eddac410a652bb51cf428d97ca406d8e.sol,0.4.23,MainToken
0xaf77249672bacb62a4616b81a6a190987222e577.sol,0.4.26,vote
0x5f0711c689ed216f97d91126c112ad585d1a7aba.sol,0.5.0,ChainLinkFeedsRegistry
0x880ad65dc5b3f33123382416351eef98b4aad7f1.sol,0.5.8,CompoundAdapter
0x4Dfd148B532e934a2a26eA65689cf6268753e130.sol,0.4.23,DSToken
0x8f8e787989bc652eea01a6c88a19f0f379bdf4fd.sol,0.5.0,HELEX
0x54003dbf6ae6cba6ddae571ccdc34d834b44ab1e.sol,0.4.23,DSValue
0x4e5b05ce5f5e2ee2e06fdf4c41c306def4cf0111.sol,0.5.0,NativeTokenMigration
0xad2f6762e2cb2bf6412522b194648fe33f80b496.sol,0.4.24,FnxToken
0x2d2b7929731c926f8ce373a78863080e9ad53356.sol,0.4.21,BEECOIN
0x555d051538c7a13712f1f590fa6b4c176ca4529f.sol,0.5.11,IownToken
0xb6cd2fe50428dc273d3cb91e2af8ea7e1aff0467.sol,0.4.23,AMEXY
0x625c3e1884899860773a4f9f386835f4c738c5fa.sol,0.4.26,Trader
0x9384d679a73192666447aff04509d6c981e90e36.sol,0.4.25,CATPOOL
0x88c450a651ac1aaeeee6cfada225e34a67892ccf.sol,0.4.25,SynthSummaryUtil
0x4b7c9eace3d4e5fe951a68308e056d8cd857c183.sol,0.5.12,ETHERALIVE
0x8313675d1405f3f7aee3da9d63e0bf5c30c75832.sol,0.4.25,ALTESFINANCEGROUP
0x49d743dc7f0aafda02a736ecdcce174e9cae6261.sol,0.4.25,LightningNetwork
0x8cb19db59a3f4574c3b0dc15239a37a95be26ef6.sol,0.5.0,CurveFlash
0x084ad5467c3fcb89af53c74124ab202af012bcc0.sol,0.5.11,DharmaLocksmithV0
0x5F63aEeaD8E28CB86bD5D4186c26c43A5deb129a.sol,0.5.10,Util
0x0ebacec7645b488ee477eee35902a42482e548a5.sol,0.6.0,CompoundSubscriptionsProxy
0x6FEf7b02eE69DFB6F8F0018d2163d37b02E22729.sol,0.6.12,Token
0x53d9ba8432d8f88a8e5ee589da5b6357d613d073.sol,0.4.25,SGABuyWalletsTradingLimiter
0x6be44680c043b6da7915dc41aa5efec4ceb02f2a.sol,0.5.14,standardTokenFactoryMaker
0x289a7d1d22abf90595b4f8d109e7de71f03d42d4.sol,0.5.15,AztecChaiAirdrop
0xa770bd94b3e3fca33a69e6897a35e158ef4939cf.sol,0.4.24,NKCLM
0x2f7a287a6f7ecf9cdde95426acbcee07c5b2b917.sol,0.4.24,GranCs
0xa49564f8aa9689164c53dbee9747d3ee8a11fff1.sol,0.5.0,LoanMoverProxy
0x35d9993CD8147018BFFFf72f294dD9b4aE77BAd5.sol,0.4.18,ULKF
0x525dcBa06913f8e13e215E8b11f224c091c4b370.sol,0.5.0,Lockup
0x5302a1f1d2bc1f1657703337ec56dc78020b799f.sol,0.5.8,GenesisOne
0x19861be55c2542cbe76b90b665f21883d39f08e7.sol,0.5.0,DeepFeedToken
0x02ff1db74bd70f0ce5e0b25082a95a63dbaa1d2d.sol,0.4.26,KB
0x55a31c8779dfe9218677d9f5fb9aba7d35f7e652.sol,0.5.0,StandardToken
0x13f37d9ae81b682425a8f80c44d36a87af834c61.sol,0.5.0,punkDetails
0x64c59cb443a1a2cbda5e785f8891cdcdf6a00b36.sol,0.5.0,yCurveZapInV4
0x4f65C5F0F89BE0305Dd9F07FF9cD1390C614f21a.sol,0.5.0,ForgeCombined
0x2475fc046632c191f98dec65d89df602a9e4b450.sol,0.4.26,LDGF
0x03ac6ea89607d372675187cff3acf392f329d76f.sol,0.5.17,ChaChaToken
0x66dbd20915f0f75b0dd60906d94f250c523abb24.sol,0.5.17,MysticMoloch
0x3dfb87b192ff03cfd606e2f2fe4220d8b0bca6fc.sol,0.4.24,SEADigitalToken
0x0cd07a9953c5f77990280bce10b1c82529960fa2.sol,0.6.4,DyDxAssetAdapter
0x705853d0a2ff077d372bf5642c3cf86c08660c9b.sol,0.4.26,GiftOfCompound
0x73f76fb521799305111d6846f03fce037a9f350d.sol,0.4.18,JJKcoin
0x474b0b39f6558732c177dd459013a7ad1d6c55dc.sol,0.5.0,Tanzilcoin
0x96b4973cdd121c07c3a9db963f7cbbb4babc9dd9.sol,0.5.0,VoteCounterStorage
0xa9d8dc2ce593390efd717a04f2bc0203351774ef.sol,0.4.24,NKCLC
0x373552F6d1eAAeaDF54dD3B4147275804F2fd34d.sol,0.5.2,Proxy
0x700a1d7ce704f843ec18747249852c28ce138aa7.sol,0.5.11,Token
0x4c6636787df21298b39d166dbf699fa0a81309e8.sol,0.5.0,TokenContract
0x0e3abf45855fbaa1afcc3b33cf08b3915bdcda96.sol,0.4.18,Rainbow
0xb2b4588e0745e13aac2d006073fe3d394632eadb.sol,0.4.26,Trader
